0,-0.019,0.258,0,0
0,-0.019,0.258,0,0
3.161012,-0.015,0.1,0,0
3.181012,-0.015,0.1,0.001,0
3.504122,-0.017,0.095,0.001,0
3.804122,-0.017,0.09,0.001,0
4.104122,-0.017,0.085,0.001,0
4.427232,-0.015,0.09,0.001,0
5.039115,-0.017,0.08,0.001,0
5.947079,-0.015,0.095,0.001,0
6.550072,-0.017,0.075,0.001,0
6.856013,-0.015,0.065,0.001,0
7.017568,-0.017,0.07,0.001,0
7.323509,-0.015,0.06,0.001,0
7.485064,-0.017,0.055,0.001,0
7.646619,-0.015,0.05,0.001,0
7.95256,-0.017,0.04,0.001,0
8.114115,-0.015,0.045,0.001,0
8.420056,-0.017,0.035,0.001,0
8.581611,-0.015,0.04,0.001,0
9.483609,-0.017,0.07,0.001,0
10.685483,-0.015,0.03,0.002,0
10.847038,-0.017,0.035,0.002,0
11.152979,-0.015,0.025,0.002,0
11.314534,-0.017,0.03,0.002,0
11.639033,-0.015,0.025,0.0015,0
11.808739,-0.017,0.023,0.0015,0
12.318739,-0.017,0.023,0.01,0
14.29783,-0.009,-0.009,0.01,0
14.461927,0,0,0.015,0
24.861927,0,0,0.002,0
25.031987,0,0,0.00484,0
25.189153,0.01,0.010004,0.00484,1
50.39,0.49,0.01,0.00484,1
75.58,0.49,0.49,0.00484,1
100.78,0.01,0.49,0.00484,1
125.98,0.01,0.01,0.00484,0
126.29,0.03,0.03,0.00484,1
149.39,0.03,0.47,0.00484,1
172.49,0.47,0.47,0.00484,1
195.58,0.47,0.03,0.00484,1
218.68,0.03,0.03,0.00484,0
218.98,0.03,0.03,0.00984,0
219.29,0.01,0.01,0.00984,1
225.59,0.49,0.01,0.00984,1
231.89,0.49,0.49,0.00984,1
238.19,0.01,0.49,0.00984,1
244.49,0.01,0.01,0.00984,0
244.8,0.03,0.03,0.00984,1
250.58,0.03,0.47,0.00984,1
256.35,0.47,0.47,0.00984,1
262.13,0.47,0.03,0.00984,1
267.9,0.03,0.03,0.00984,0
268.2,0.03,0.03,0.01484,0
268.51,0.01,0.01,0.01484,1
274.81,0.49,0.01,0.01484,1
281.11,0.49,0.49,0.01484,1
287.41,0.01,0.49,0.01484,1
293.71,0.01,0.01,0.01484,0
294.03,0.03,0.03,0.01484,1
299.8,0.03,0.47,0.01484,1
305.57,0.47,0.47,0.01484,1
311.35,0.47,0.03,0.01484,1
317.12,0.03,0.03,0.01484,0
317.42,0.03,0.03,0.01984,0
317.74,0.01,0.01,0.01984,1
324.04,0.49,0.01,0.01984,1
330.34,0.49,0.49,0.01984,1
336.63,0.01,0.49,0.01984,1
342.93,0.01,0.01,0.01984,0
343.25,0.03,0.03,0.01984,1
349.02,0.03,0.47,0.01984,1
354.8,0.47,0.47,0.01984,1
360.57,0.47,0.03,0.01984,1
366.34,0.03,0.03,0.01984,0
366.64,0.03,0.03,0.02484,0
366.96,0.01,0.01,0.02484,1
373.26,0.49,0.01,0.02484,1
379.56,0.49,0.49,0.02484,1
385.86,0.01,0.49,0.02484,1
392.16,0.01,0.01,0.02484,0
392.47,0.03,0.03,0.02484,1
398.24,0.03,0.47,0.02484,1
404.02,0.47,0.47,0.02484,1
409.79,0.47,0.03,0.02484,1
415.57,0.03,0.03,0.02484,0
415.87,0.03,0.03,0.02984,0
416.18,0.01,0.01,0.02984,1
422.48,0.49,0.01,0.02984,1
428.78,0.49,0.49,0.02984,1
435.08,0.01,0.49,0.02984,1
441.38,0.01,0.01,0.02984,0
441.69,0.03,0.03,0.02984,1
447.47,0.03,0.47,0.02984,1
453.24,0.47,0.47,0.02984,1
459.01,0.47,0.03,0.02984,1
464.79,0.03,0.03,0.02984,0
465.09,0.03,0.03,0.03484,0
465.4,0.01,0.01,0.03484,1
471.7,0.49,0.01,0.03484,1
478,0.49,0.49,0.03484,1
484.3,0.01,0.49,0.03484,1
490.6,0.01,0.01,0.03484,0
490.91,0.03,0.03,0.03484,1
496.69,0.03,0.47,0.03484,1
502.46,0.47,0.47,0.03484,1
508.24,0.47,0.03,0.03484,1
514.01,0.03,0.03,0.03484,0
514.31,0.03,0.03,0.03984,0
514.62,0.01,0.01,0.03984,1
520.92,0.49,0.01,0.03984,1
527.22,0.49,0.49,0.03984,1
533.52,0.01,0.49,0.03984,1
539.82,0.01,0.01,0.03984,0
540.14,0.03,0.03,0.03984,1
545.91,0.03,0.47,0.03984,1
551.68,0.47,0.47,0.03984,1
557.46,0.47,0.03,0.03984,1
563.23,0.03,0.03,0.03984,0
563.53,0.03,0.03,0.04484,0
563.85,0.01,0.01,0.04484,1
570.15,0.49,0.01,0.04484,1
576.44,0.49,0.49,0.04484,1
582.74,0.01,0.49,0.04484,1
589.04,0.01,0.01,0.04484,0
589.36,0.03,0.03,0.04484,1
595.13,0.03,0.47,0.04484,1
600.91,0.47,0.47,0.04484,1
606.68,0.47,0.03,0.04484,1
612.45,0.03,0.03,0.04484,0
612.75,0.03,0.03,0.04984,0
613.07,0.01,0.01,0.04984,1
619.37,0.49,0.01,0.04984,1
625.67,0.49,0.49,0.04984,1
631.97,0.01,0.49,0.04984,1
638.27,0.01,0.01,0.04984,0
638.58,0.03,0.03,0.04984,1
644.35,0.03,0.47,0.04984,1
650.13,0.47,0.47,0.04984,1
655.9,0.47,0.03,0.04984,1
661.68,0.03,0.03,0.04984,0
661.98,0.03,0.03,0.05484,0
662.29,0.01,0.01,0.05484,1
668.59,0.49,0.01,0.05484,1
674.89,0.49,0.49,0.05484,1
681.19,0.01,0.49,0.05484,1
687.49,0.01,0.01,0.05484,0
687.8,0.03,0.03,0.05484,1
693.58,0.03,0.47,0.05484,1
699.35,0.47,0.47,0.05484,1
705.12,0.47,0.03,0.05484,1
710.9,0.03,0.03,0.05484,0
711.2,0.03,0.03,0.05984,0
711.51,0.01,0.01,0.05984,1
717.81,0.49,0.01,0.05984,1
724.11,0.49,0.49,0.05984,1
730.41,0.01,0.49,0.05984,1
736.71,0.01,0.01,0.05984,0
737.02,0.03,0.03,0.05984,1
742.8,0.03,0.47,0.05984,1
748.57,0.47,0.47,0.05984,1
754.35,0.47,0.03,0.05984,1
760.12,0.03,0.03,0.05984,0
760.42,0.03,0.03,0.06484,0
760.73,0.01,0.01,0.06484,1
767.03,0.49,0.01,0.06484,1
773.33,0.49,0.49,0.06484,1
779.63,0.01,0.49,0.06484,1
785.93,0.01,0.01,0.06484,0
786.25,0.03,0.03,0.06484,1
792.02,0.03,0.47,0.06484,1
797.79,0.47,0.47,0.06484,1
803.57,0.47,0.03,0.06484,1
809.34,0.03,0.03,0.06484,0
809.64,0.03,0.03,0.06984,0
809.96,0.01,0.01,0.06984,1
816.26,0.49,0.01,0.06984,1
822.55,0.49,0.49,0.06984,1
828.85,0.01,0.49,0.06984,1
835.15,0.01,0.01,0.06984,0
835.47,0.03,0.03,0.06984,1
841.24,0.03,0.47,0.06984,1
847.02,0.47,0.47,0.06984,1
852.79,0.47,0.03,0.06984,1
858.56,0.03,0.03,0.06984,0
858.86,0.03,0.03,0.07484,0
859.18,0.01,0.01,0.07484,1
865.48,0.49,0.01,0.07484,1
871.78,0.49,0.49,0.07484,1
878.08,0.01,0.49,0.07484,1
884.37,0.01,0.01,0.07484,0
884.69,0.03,0.03,0.07484,1
890.46,0.03,0.47,0.07484,1
896.24,0.47,0.47,0.07484,1
902.01,0.47,0.03,0.07484,1
907.79,0.03,0.03,0.07484,0
908.09,0.03,0.03,0.07984,0
908.4,0.01,0.01,0.07984,1
914.7,0.49,0.01,0.07984,1
921,0.49,0.49,0.07984,1
927.3,0.01,0.49,0.07984,1
933.6,0.01,0.01,0.07984,0
933.91,0.03,0.03,0.07984,1
939.68,0.03,0.47,0.07984,1
945.46,0.47,0.47,0.07984,1
951.23,0.47,0.03,0.07984,1
957.01,0.03,0.03,0.07984,0
957.31,0.03,0.03,0.08484,0
957.62,0.01,0.01,0.08484,1
963.92,0.49,0.01,0.08484,1
970.22,0.49,0.49,0.08484,1
976.52,0.01,0.49,0.08484,1
982.82,0.01,0.01,0.08484,0
983.13,0.03,0.03,0.08484,1
988.91,0.03,0.47,0.08484,1
994.68,0.47,0.47,0.08484,1
1000.46,0.47,0.03,0.08484,1
1006.23,0.03,0.03,0.08484,0
1006.53,0.03,0.03,0.08984,0
1006.84,0.01,0.01,0.08984,1
1013.14,0.49,0.01,0.08984,1
1019.44,0.49,0.49,0.08984,1
1025.74,0.01,0.49,0.08984,1
1032.04,0.01,0.01,0.08984,0
1032.35,0.03,0.03,0.08984,1
1038.13,0.03,0.47,0.08984,1
1043.9,0.47,0.47,0.08984,1
1049.68,0.47,0.03,0.08984,1
1055.45,0.03,0.03,0.08984,0
1055.75,0.03,0.03,0.09484,0
1056.07,0.01,0.01,0.09484,1
1062.36,0.49,0.01,0.09484,1
1068.66,0.49,0.49,0.09484,1
1074.96,0.01,0.49,0.09484,1
1081.26,0.01,0.01,0.09484,0
1081.58,0.03,0.03,0.09484,1
1087.35,0.03,0.47,0.09484,1
1093.12,0.47,0.47,0.09484,1
1098.9,0.47,0.03,0.09484,1
1104.67,0.03,0.03,0.09484,0
1104.97,0.03,0.03,0.09984,0
1105.29,0.01,0.01,0.09984,1
1111.59,0.49,0.01,0.09984,1
1117.89,0.49,0.49,0.09984,1
1124.18,0.01,0.49,0.09984,1
1130.48,0.01,0.01,0.09984,0
1130.8,0.03,0.03,0.09984,1
1136.57,0.03,0.47,0.09984,1
1142.35,0.47,0.47,0.09984,1
1148.12,0.47,0.03,0.09984,1
1153.9,0.03,0.03,0.09984,0
1154.19,0.03,0.03,0.10484,0
1154.51,0.01,0.01,0.10484,1
1160.81,0.49,0.01,0.10484,1
1167.11,0.49,0.49,0.10484,1
1173.41,0.01,0.49,0.10484,1
1179.71,0.01,0.01,0.10484,0
1180.02,0.03,0.03,0.10484,1
1185.79,0.03,0.47,0.10484,1
1191.57,0.47,0.47,0.10484,1
1197.34,0.47,0.03,0.10484,1
1203.12,0.03,0.03,0.10484,0
1203.42,0.03,0.03,0.10984,0
1203.73,0.01,0.01,0.10984,1
1210.03,0.49,0.01,0.10984,1
1216.33,0.49,0.49,0.10984,1
1222.63,0.01,0.49,0.10984,1
1228.93,0.01,0.01,0.10984,0
1229.24,0.03,0.03,0.10984,1
1235.02,0.03,0.47,0.10984,1
1240.79,0.47,0.47,0.10984,1
1246.56,0.47,0.03,0.10984,1
1252.34,0.03,0.03,0.10984,0
1252.64,0.03,0.03,0.11484,0
1252.95,0.01,0.01,0.11484,1
1259.25,0.49,0.01,0.11484,1
1265.55,0.49,0.49,0.11484,1
1271.85,0.01,0.49,0.11484,1
1278.15,0.01,0.01,0.11484,0
1278.46,0.03,0.03,0.11484,1
1284.24,0.03,0.47,0.11484,1
1290.01,0.47,0.47,0.11484,1
1295.79,0.47,0.03,0.11484,1
1301.56,0.03,0.03,0.11484,0
1301.86,0.03,0.03,0.11984,0
1302.17,0.01,0.01,0.11984,1
1308.47,0.49,0.01,0.11984,1
1314.77,0.49,0.49,0.11984,1
1321.07,0.01,0.49,0.11984,1
1327.37,0.01,0.01,0.11984,0
1327.69,0.03,0.03,0.11984,1
1333.46,0.03,0.47,0.11984,1
1339.23,0.47,0.47,0.11984,1
1345.01,0.47,0.03,0.11984,1
1350.78,0.03,0.03,0.11984,0
1351.08,0.03,0.03,0.12484,0
1351.4,0.01,0.01,0.12484,1
1357.7,0.49,0.01,0.12484,1
1364,0.49,0.49,0.12484,1
1370.29,0.01,0.49,0.12484,1
1376.59,0.01,0.01,0.12484,0
1376.91,0.03,0.03,0.12484,1
1382.68,0.03,0.47,0.12484,1
1388.46,0.47,0.47,0.12484,1
1394.23,0.47,0.03,0.12484,1
1400,0.03,0.03,0.12484,0
1400.3,0.03,0.03,0.12984,0
1400.62,0.01,0.01,0.12984,1
1406.92,0.49,0.01,0.12984,1
1413.22,0.49,0.49,0.12984,1
1419.52,0.01,0.49,0.12984,1
1425.82,0.01,0.01,0.12984,0
1426.13,0.03,0.03,0.12984,1
1431.9,0.03,0.47,0.12984,1
1437.68,0.47,0.47,0.12984,1
1443.45,0.47,0.03,0.12984,1
1449.23,0.03,0.03,0.12984,0
1449.53,0.03,0.03,0.13484,0
1449.84,0.01,0.01,0.13484,1
1456.14,0.49,0.01,0.13484,1
1462.44,0.49,0.49,0.13484,1
1468.74,0.01,0.49,0.13484,1
1475.04,0.01,0.01,0.13484,0
1475.35,0.03,0.03,0.13484,1
1481.13,0.03,0.47,0.13484,1
1486.9,0.47,0.47,0.13484,1
1492.67,0.47,0.03,0.13484,1
1498.45,0.03,0.03,0.13484,0
1498.75,0.03,0.03,0.13984,0
1499.06,0.01,0.01,0.13984,1
1505.36,0.49,0.01,0.13984,1
1511.66,0.49,0.49,0.13984,1
1517.96,0.01,0.49,0.13984,1
1524.26,0.01,0.01,0.13984,0
1524.57,0.03,0.03,0.13984,1
1530.35,0.03,0.47,0.13984,1
1536.12,0.47,0.47,0.13984,1
1541.9,0.47,0.03,0.13984,1
1547.67,0.03,0.03,0.13984,0
1547.97,0.03,0.03,0.14484,0
1548.28,0.01,0.01,0.14484,1
1554.58,0.49,0.01,0.14484,1
1560.88,0.49,0.49,0.14484,1
1567.18,0.01,0.49,0.14484,1
1573.48,0.01,0.01,0.14484,0
1573.8,0.03,0.03,0.14484,1
1579.57,0.03,0.47,0.14484,1
1585.34,0.47,0.47,0.14484,1
1591.12,0.47,0.03,0.14484,1
1596.89,0.03,0.03,0.14484,0
1597.19,0.03,0.03,0.14984,0
1597.51,0.01,0.01,0.14984,1
1603.81,0.49,0.01,0.14984,1
1610.1,0.49,0.49,0.14984,1
1616.4,0.01,0.49,0.14984,1
1622.7,0.01,0.01,0.14984,0
1623.02,0.03,0.03,0.14984,1
1628.79,0.03,0.47,0.14984,1
1634.57,0.47,0.47,0.14984,1
1640.34,0.47,0.03,0.14984,1
1646.11,0.03,0.03,0.14984,0
1646.41,0.03,0.03,0.15484,0
1646.73,0.01,0.01,0.15484,1
1653.03,0.49,0.01,0.15484,1
1659.33,0.49,0.49,0.15484,1
1665.63,0.01,0.49,0.15484,1
1671.93,0.01,0.01,0.15484,0
1672.24,0.03,0.03,0.15484,1
1678.01,0.03,0.47,0.15484,1
1683.79,0.47,0.47,0.15484,1
1689.56,0.47,0.03,0.15484,1
1695.34,0.03,0.03,0.15484,0
1695.64,0.03,0.03,0.15984,0
1695.95,0.01,0.01,0.15984,1
1702.25,0.49,0.01,0.15984,1
1708.55,0.49,0.49,0.15984,1
1714.85,0.01,0.49,0.15984,1
1721.15,0.01,0.01,0.15984,0
1721.46,0.03,0.03,0.15984,1
1727.24,0.03,0.47,0.15984,1
1733.01,0.47,0.47,0.15984,1
1738.78,0.47,0.03,0.15984,1
1744.56,0.03,0.03,0.15984,0
1744.86,0.03,0.03,0.16484,0
1745.17,0.01,0.01,0.16484,1
1751.47,0.49,0.01,0.16484,1
1757.77,0.49,0.49,0.16484,1
1764.07,0.01,0.49,0.16484,1
1770.37,0.01,0.01,0.16484,0
1770.68,0.03,0.03,0.16484,1
1776.46,0.03,0.47,0.16484,1
1782.23,0.47,0.47,0.16484,1
1788.01,0.47,0.03,0.16484,1
1793.78,0.03,0.03,0.16484,0
1794.08,0.03,0.03,0.16984,0
1794.39,0.01,0.01,0.16984,1
1800.69,0.49,0.01,0.16984,1
1806.99,0.49,0.49,0.16984,1
1813.29,0.01,0.49,0.16984,1
1819.59,0.01,0.01,0.16984,0
1819.9,0.03,0.03,0.16984,1
1825.68,0.03,0.47,0.16984,1
1831.45,0.47,0.47,0.16984,1
1837.23,0.47,0.03,0.16984,1
1843,0.03,0.03,0.16984,0
1843.3,0.03,0.03,0.17484,0
1843.62,0.01,0.01,0.17484,1
1849.91,0.49,0.01,0.17484,1
1856.21,0.49,0.49,0.17484,1
1862.51,0.01,0.49,0.17484,1
1868.81,0.01,0.01,0.17484,0
1869.13,0.03,0.03,0.17484,1
1874.9,0.03,0.47,0.17484,1
1880.68,0.47,0.47,0.17484,1
1886.45,0.47,0.03,0.17484,1
1892.22,0.03,0.03,0.17484,0
1892.52,0.03,0.03,0.17984,0
1892.84,0.01,0.01,0.17984,1
1899.14,0.49,0.01,0.17984,1
1905.44,0.49,0.49,0.17984,1
1911.74,0.01,0.49,0.17984,1
1918.03,0.01,0.01,0.17984,0
1918.35,0.03,0.03,0.17984,1
1924.12,0.03,0.47,0.17984,1
1929.9,0.47,0.47,0.17984,1
1935.67,0.47,0.03,0.17984,1
1941.45,0.03,0.03,0.17984,0
1941.75,0.03,0.03,0.18484,0
1942.06,0.01,0.01,0.18484,1
1948.36,0.49,0.01,0.18484,1
1954.66,0.49,0.49,0.18484,1
1960.96,0.01,0.49,0.18484,1
1967.26,0.01,0.01,0.18484,0
1967.57,0.03,0.03,0.18484,1
1973.34,0.03,0.47,0.18484,1
1979.12,0.47,0.47,0.18484,1
1984.89,0.47,0.03,0.18484,1
1990.67,0.03,0.03,0.18484,0
1990.97,0.03,0.03,0.18984,0
1991.28,0.01,0.01,0.18984,1
1997.58,0.49,0.01,0.18984,1
2003.88,0.49,0.49,0.18984,1
2010.18,0.01,0.49,0.18984,1
2016.48,0.01,0.01,0.18984,0
2016.79,0.03,0.03,0.18984,1
2022.57,0.03,0.47,0.18984,1
2028.34,0.47,0.47,0.18984,1
2034.12,0.47,0.03,0.18984,1
2039.89,0.03,0.03,0.18984,0
2040.19,0.03,0.03,0.19484,0
2040.5,0.01,0.01,0.19484,1
2046.8,0.49,0.01,0.19484,1
2053.1,0.49,0.49,0.19484,1
2059.4,0.01,0.49,0.19484,1
2065.7,0.01,0.01,0.19484,0
2066.01,0.03,0.03,0.19484,1
2071.79,0.03,0.47,0.19484,1
2077.56,0.47,0.47,0.19484,1
2083.34,0.47,0.03,0.19484,1
2089.11,0.03,0.03,0.19484,0
2089.41,0.03,0.03,0.19984,0
2089.73,0.01,0.01,0.19984,1
2096.02,0.49,0.01,0.19984,1
2102.32,0.49,0.49,0.19984,1
2108.62,0.01,0.49,0.19984,1
2114.92,0.01,0.01,0.19984,0
2115.24,0.03,0.03,0.19984,1
2121.01,0.03,0.47,0.19984,1
2126.78,0.47,0.47,0.19984,1
2132.56,0.47,0.03,0.19984,1
2138.33,0.03,0.03,0.19984,0
2138.63,0.03,0.03,0.20484,0
2138.95,0.01,0.01,0.20484,1
2145.25,0.49,0.01,0.20484,1
2151.55,0.49,0.49,0.20484,1
2157.84,0.01,0.49,0.20484,1
2164.14,0.01,0.01,0.20484,0
2164.46,0.03,0.03,0.20484,1
2170.23,0.03,0.47,0.20484,1
2176.01,0.47,0.47,0.20484,1
2181.78,0.47,0.03,0.20484,1
2187.56,0.03,0.03,0.20484,0
2187.85,0.03,0.03,0.20984,0
2188.17,0.01,0.01,0.20984,1
2194.47,0.49,0.01,0.20984,1
2200.77,0.49,0.49,0.20984,1
2207.07,0.01,0.49,0.20984,1
2213.37,0.01,0.01,0.20984,0
2213.68,0.03,0.03,0.20984,1
2219.45,0.03,0.47,0.20984,1
2225.23,0.47,0.47,0.20984,1
2231,0.47,0.03,0.20984,1
2236.78,0.03,0.03,0.20984,0
2237.08,0.03,0.03,0.21484,0
2237.39,0.01,0.01,0.21484,1
2243.69,0.49,0.01,0.21484,1
2249.99,0.49,0.49,0.21484,1
2256.29,0.01,0.49,0.21484,1
2262.59,0.01,0.01,0.21484,0
2262.9,0.03,0.03,0.21484,1
2268.68,0.03,0.47,0.21484,1
2274.45,0.47,0.47,0.21484,1
2280.22,0.47,0.03,0.21484,1
2286,0.03,0.03,0.21484,0
2286.3,0.03,0.03,0.21984,0
2286.61,0.01,0.01,0.21984,1
2292.91,0.49,0.01,0.21984,1
2299.21,0.49,0.49,0.21984,1
2305.51,0.01,0.49,0.21984,1
2311.81,0.01,0.01,0.21984,0
2312.12,0.03,0.03,0.21984,1
2317.9,0.03,0.47,0.21984,1
2323.67,0.47,0.47,0.21984,1
2329.45,0.47,0.03,0.21984,1
2335.22,0.03,0.03,0.21984,0
2335.52,0.03,0.03,0.22484,0
2335.83,0.01,0.01,0.22484,1
2342.13,0.49,0.01,0.22484,1
2348.43,0.49,0.49,0.22484,1
2354.73,0.01,0.49,0.22484,1
2361.03,0.01,0.01,0.22484,0
2361.35,0.03,0.03,0.22484,1
2367.12,0.03,0.47,0.22484,1
2372.89,0.47,0.47,0.22484,1
2378.67,0.47,0.03,0.22484,1
2384.44,0.03,0.03,0.22484,0
2384.74,0.03,0.03,0.22984,0
2385.06,0.01,0.01,0.22984,1
2391.36,0.49,0.01,0.22984,1
2397.66,0.49,0.49,0.22984,1
2403.95,0.01,0.49,0.22984,1
2410.25,0.01,0.01,0.22984,0
2410.57,0.03,0.03,0.22984,1
2416.34,0.03,0.47,0.22984,1
2422.12,0.47,0.47,0.22984,1
2427.89,0.47,0.03,0.22984,1
2433.66,0.03,0.03,0.22984,0
2433.96,0.03,0.03,0.23484,0
2434.28,0.01,0.01,0.23484,1
2440.58,0.49,0.01,0.23484,1
2446.88,0.49,0.49,0.23484,1
2453.18,0.01,0.49,0.23484,1
2459.48,0.01,0.01,0.23484,0
2459.79,0.03,0.03,0.23484,1
2465.56,0.03,0.47,0.23484,1
2471.34,0.47,0.47,0.23484,1
2477.11,0.47,0.03,0.23484,1
2482.89,0.03,0.03,0.23484,0
2483.19,0.03,0.03,0.23984,0
2483.5,0.01,0.01,0.23984,1
2489.8,0.49,0.01,0.23984,1
2496.1,0.49,0.49,0.23984,1
2502.4,0.01,0.49,0.23984,1
2508.7,0.01,0.01,0.23984,0
2509.01,0.03,0.03,0.23984,1
2514.79,0.03,0.47,0.23984,1
2520.56,0.47,0.47,0.23984,1
2526.33,0.47,0.03,0.23984,1
2532.11,0.03,0.03,0.23984,0
2532.41,0.03,0.03,0.24484,0
2532.72,0.01,0.01,0.24484,1
2539.02,0.49,0.01,0.24484,1
2545.32,0.49,0.49,0.24484,1
2551.62,0.01,0.49,0.24484,1
2557.92,0.01,0.01,0.24484,0
2558.23,0.03,0.03,0.24484,1
2564.01,0.03,0.47,0.24484,1
2569.78,0.47,0.47,0.24484,1
2575.56,0.47,0.03,0.24484,1
2581.33,0.03,0.03,0.24484,0
2581.63,0.03,0.03,0.24984,0
2581.94,0.01,0.01,0.24984,1
2588.24,0.49,0.01,0.24984,1
2594.54,0.49,0.49,0.24984,1
2600.84,0.01,0.49,0.24984,1
2607.14,0.01,0.01,0.24984,0
2607.46,0.03,0.03,0.24984,1
2613.23,0.03,0.47,0.24984,1
2619,0.47,0.47,0.24984,1
2624.78,0.47,0.03,0.24984,1
2630.55,0.03,0.03,0.24984,0
2630.85,0.03,0.03,0.25484,0
2631.17,0.01,0.01,0.25484,1
2637.47,0.49,0.01,0.25484,1
2643.76,0.49,0.49,0.25484,1
2650.06,0.01,0.49,0.25484,1
2656.36,0.01,0.01,0.25484,0
2656.68,0.03,0.03,0.25484,1
2662.45,0.03,0.47,0.25484,1
2668.23,0.47,0.47,0.25484,1
2674,0.47,0.03,0.25484,1
2679.77,0.03,0.03,0.25484,0
2680.07,0.03,0.03,0.25984,0
2680.39,0.01,0.01,0.25984,1
2686.69,0.49,0.01,0.25984,1
2692.99,0.49,0.49,0.25984,1
2699.29,0.01,0.49,0.25984,1
2705.58,0.01,0.01,0.25984,0
2705.9,0.03,0.03,0.25984,1
2711.67,0.03,0.47,0.25984,1
2717.45,0.47,0.47,0.25984,1
2723.22,0.47,0.03,0.25984,1
2729,0.03,0.03,0.25984,0
2729.3,0.03,0.03,0.26484,0
2729.61,0.01,0.01,0.26484,1
2735.91,0.49,0.01,0.26484,1
2742.21,0.49,0.49,0.26484,1
2748.51,0.01,0.49,0.26484,1
2754.81,0.01,0.01,0.26484,0
2755.12,0.03,0.03,0.26484,1
2760.9,0.03,0.47,0.26484,1
2766.67,0.47,0.47,0.26484,1
2772.44,0.47,0.03,0.26484,1
2778.22,0.03,0.03,0.26484,0
2778.52,0.03,0.03,0.26984,0
2778.83,0.01,0.01,0.26984,1
2785.13,0.49,0.01,0.26984,1
2791.43,0.49,0.49,0.26984,1
2797.73,0.01,0.49,0.26984,1
2804.03,0.01,0.01,0.26984,0
2804.34,0.03,0.03,0.26984,1
2810.12,0.03,0.47,0.26984,1
2815.89,0.47,0.47,0.26984,1
2821.67,0.47,0.03,0.26984,1
2827.44,0.03,0.03,0.26984,0
2827.74,0.03,0.03,0.27484,0
2828.05,0.01,0.01,0.27484,1
2834.35,0.49,0.01,0.27484,1
2840.65,0.49,0.49,0.27484,1
2846.95,0.01,0.49,0.27484,1
2853.25,0.01,0.01,0.27484,0
2853.56,0.03,0.03,0.27484,1
2859.34,0.03,0.47,0.27484,1
2865.11,0.47,0.47,0.27484,1
2870.89,0.47,0.03,0.27484,1
2876.66,0.03,0.03,0.27484,0
2876.96,0.03,0.03,0.27984,0
2877.28,0.01,0.01,0.27984,1
2883.57,0.49,0.01,0.27984,1
2889.87,0.49,0.49,0.27984,1
2896.17,0.01,0.49,0.27984,1
2902.47,0.01,0.01,0.27984,0
2902.79,0.03,0.03,0.27984,1
2908.56,0.03,0.47,0.27984,1
2914.34,0.47,0.47,0.27984,1
2920.11,0.47,0.03,0.27984,1
2925.88,0.03,0.03,0.27984,0
2926.18,0.03,0.03,0.28484,0
2926.5,0.01,0.01,0.28484,1
2932.8,0.49,0.01,0.28484,1
2939.1,0.49,0.49,0.28484,1
2945.4,0.01,0.49,0.28484,1
2951.69,0.01,0.01,0.28484,0
2952.01,0.03,0.03,0.28484,1
2957.78,0.03,0.47,0.28484,1
2963.56,0.47,0.47,0.28484,1
2969.33,0.47,0.03,0.28484,1
2975.11,0.03,0.03,0.28484,0
2975.41,0.03,0.03,0.28984,0
2975.72,0.01,0.01,0.28984,1
2982.02,0.49,0.01,0.28984,1
2988.32,0.49,0.49,0.28984,1
2994.62,0.01,0.49,0.28984,1
3000.92,0.01,0.01,0.28984,0
3001.23,0.03,0.03,0.28984,1
3007,0.03,0.47,0.28984,1
3012.78,0.47,0.47,0.28984,1
3018.55,0.47,0.03,0.28984,1
3024.33,0.03,0.03,0.28984,0
3024.63,0.03,0.03,0.29484,0
3024.94,0.01,0.01,0.29484,1
3031.24,0.49,0.01,0.29484,1
3037.54,0.49,0.49,0.29484,1
3043.84,0.01,0.49,0.29484,1
3050.14,0.01,0.01,0.29484,0
3050.45,0.03,0.03,0.29484,1
3056.23,0.03,0.47,0.29484,1
3062,0.47,0.47,0.29484,1
3067.78,0.47,0.03,0.29484,1
3073.55,0.03,0.03,0.29484,0
3073.85,0.03,0.03,0.29984,0
3074.16,0.01,0.01,0.29984,1
3080.46,0.49,0.01,0.29984,1
3086.76,0.49,0.49,0.29984,1
3093.06,0.01,0.49,0.29984,1
3099.36,0.01,0.01,0.29984,0
3099.67,0.03,0.03,0.29984,1
3105.45,0.03,0.47,0.29984,1
3111.22,0.47,0.47,0.29984,1
3117,0.47,0.03,0.29984,1
3122.77,0.03,0.03,0.29984,0
3123.07,0.03,0.03,0.30484,0
3123.39,0.01,0.01,0.30484,1
3129.68,0.49,0.01,0.30484,1
3135.98,0.49,0.49,0.30484,1
3142.28,0.01,0.49,0.30484,1
3148.58,0.01,0.01,0.30484,0
3148.9,0.03,0.03,0.30484,1
3154.67,0.03,0.47,0.30484,1
3160.44,0.47,0.47,0.30484,1
3166.22,0.47,0.03,0.30484,1
3171.99,0.03,0.03,0.30484,0
3172.29,0.03,0.03,0.30984,0
3172.61,0.01,0.01,0.30984,1
3178.91,0.49,0.01,0.30984,1
3185.21,0.49,0.49,0.30984,1
3191.5,0.01,0.49,0.30984,1
3197.8,0.01,0.01,0.30984,0
3198.12,0.03,0.03,0.30984,1
3203.89,0.03,0.47,0.30984,1
3209.67,0.47,0.47,0.30984,1
3215.44,0.47,0.03,0.30984,1
3221.22,0.03,0.03,0.30984,0
3221.51,0.03,0.03,0.31484,0
3221.83,0.01,0.01,0.31484,1
3228.13,0.49,0.01,0.31484,1
3234.43,0.49,0.49,0.31484,1
3240.73,0.01,0.49,0.31484,1
3247.03,0.01,0.01,0.31484,0
3247.34,0.03,0.03,0.31484,1
3253.11,0.03,0.47,0.31484,1
3258.89,0.47,0.47,0.31484,1
3264.66,0.47,0.03,0.31484,1
3270.44,0.03,0.03,0.31484,0
3270.74,0.03,0.03,0.31984,0
3271.05,0.01,0.01,0.31984,1
3277.35,0.49,0.01,0.31984,1
3283.65,0.49,0.49,0.31984,1
3289.95,0.01,0.49,0.31984,1
3296.25,0.01,0.01,0.31984,0
3296.56,0.03,0.03,0.31984,1
3302.34,0.03,0.47,0.31984,1
3308.11,0.47,0.47,0.31984,1
3313.88,0.47,0.03,0.31984,1
3319.66,0.03,0.03,0.31984,0
3319.96,0.03,0.03,0.32484,0
3320.27,0.01,0.01,0.32484,1
3326.57,0.49,0.01,0.32484,1
3332.87,0.49,0.49,0.32484,1
3339.17,0.01,0.49,0.32484,1
3345.47,0.01,0.01,0.32484,0
3345.78,0.03,0.03,0.32484,1
3351.56,0.03,0.47,0.32484,1
3357.33,0.47,0.47,0.32484,1
3363.11,0.47,0.03,0.32484,1
3368.88,0.03,0.03,0.32484,0
3369.18,0.03,0.03,0.32984,0
3369.49,0.01,0.01,0.32984,1
3375.79,0.49,0.01,0.32984,1
3382.09,0.49,0.49,0.32984,1
3388.39,0.01,0.49,0.32984,1
3394.69,0.01,0.01,0.32984,0
3395.01,0.03,0.03,0.32984,1
3400.78,0.03,0.47,0.32984,1
3406.55,0.47,0.47,0.32984,1
3412.33,0.47,0.03,0.32984,1
3418.1,0.03,0.03,0.32984,0
3418.4,0.03,0.03,0.33484,0
3418.72,0.01,0.01,0.33484,1
3425.02,0.49,0.01,0.33484,1
3431.32,0.49,0.49,0.33484,1
3437.61,0.01,0.49,0.33484,1
3443.91,0.01,0.01,0.33484,0
3444.23,0.03,0.03,0.33484,1
3450,0.03,0.47,0.33484,1
3455.78,0.47,0.47,0.33484,1
3461.55,0.47,0.03,0.33484,1
3467.32,0.03,0.03,0.33484,0
3467.62,0.03,0.03,0.33984,0
3467.94,0.01,0.01,0.33984,1
3474.24,0.49,0.01,0.33984,1
3480.54,0.49,0.49,0.33984,1
3486.84,0.01,0.49,0.33984,1
3493.14,0.01,0.01,0.33984,0
3493.45,0.03,0.03,0.33984,1
3499.22,0.03,0.47,0.33984,1
3505,0.47,0.47,0.33984,1
3510.77,0.47,0.03,0.33984,1
3516.55,0.03,0.03,0.33984,0
3516.85,0.03,0.03,0.34484,0
3517.16,0.01,0.01,0.34484,1
3523.46,0.49,0.01,0.34484,1
3529.76,0.49,0.49,0.34484,1
3536.06,0.01,0.49,0.34484,1
3542.36,0.01,0.01,0.34484,0
3542.67,0.03,0.03,0.34484,1
3548.45,0.03,0.47,0.34484,1
3554.22,0.47,0.47,0.34484,1
3559.99,0.47,0.03,0.34484,1
3565.77,0.03,0.03,0.34484,0
3566.07,0.03,0.03,0.34984,0
3566.38,0.01,0.01,0.34984,1
3572.68,0.49,0.01,0.34984,1
3578.98,0.49,0.49,0.34984,1
3585.28,0.01,0.49,0.34984,1
3591.58,0.01,0.01,0.34984,0
3591.89,0.03,0.03,0.34984,1
3597.67,0.03,0.47,0.34984,1
3603.44,0.47,0.47,0.34984,1
3609.22,0.47,0.03,0.34984,1
3614.99,0.03,0.03,0.34984,0
3615.29,0.03,0.03,0.35484,0
3615.6,0.01,0.01,0.35484,1
3621.9,0.49,0.01,0.35484,1
3628.2,0.49,0.49,0.35484,1
3634.5,0.01,0.49,0.35484,1
3640.8,0.01,0.01,0.35484,0
3641.12,0.03,0.03,0.35484,1
3646.89,0.03,0.47,0.35484,1
3652.66,0.47,0.47,0.35484,1
3658.44,0.47,0.03,0.35484,1
3664.21,0.03,0.03,0.35484,0
3664.51,0.03,0.03,0.35984,0
3664.83,0.01,0.01,0.35984,1
3671.13,0.49,0.01,0.35984,1
3677.42,0.49,0.49,0.35984,1
3683.72,0.01,0.49,0.35984,1
3690.02,0.01,0.01,0.35984,0
3690.34,0.03,0.03,0.35984,1
3696.11,0.03,0.47,0.35984,1
3701.89,0.47,0.47,0.35984,1
3707.66,0.47,0.03,0.35984,1
3713.43,0.03,0.03,0.35984,0
3713.73,0.03,0.03,0.36484,0
3714.05,0.01,0.01,0.36484,1
3720.35,0.49,0.01,0.36484,1
3726.65,0.49,0.49,0.36484,1
3732.95,0.01,0.49,0.36484,1
3739.24,0.01,0.01,0.36484,0
3739.56,0.03,0.03,0.36484,1
3745.33,0.03,0.47,0.36484,1
3751.11,0.47,0.47,0.36484,1
3756.88,0.47,0.03,0.36484,1
3762.66,0.03,0.03,0.36484,0
3762.96,0.03,0.03,0.36984,0
3763.27,0.01,0.01,0.36984,1
3769.57,0.49,0.01,0.36984,1
3775.87,0.49,0.49,0.36984,1
3782.17,0.01,0.49,0.36984,1
3788.47,0.01,0.01,0.36984,0
3788.78,0.03,0.03,0.36984,1
3794.56,0.03,0.47,0.36984,1
3800.33,0.47,0.47,0.36984,1
3806.1,0.47,0.03,0.36984,1
3811.88,0.03,0.03,0.36984,0
3812.18,0.03,0.03,0.37484,0
3812.49,0.01,0.01,0.37484,1
3818.79,0.49,0.01,0.37484,1
3825.09,0.49,0.49,0.37484,1
3831.39,0.01,0.49,0.37484,1
3837.69,0.01,0.01,0.37484,0
3838,0.03,0.03,0.37484,1
3843.78,0.03,0.47,0.37484,1
3849.55,0.47,0.47,0.37484,1
3855.33,0.47,0.03,0.37484,1
3861.1,0.03,0.03,0.37484,0
3861.4,0.03,0.03,0.37984,0
3861.71,0.01,0.01,0.37984,1
3868.01,0.49,0.01,0.37984,1
3874.31,0.49,0.49,0.37984,1
3880.61,0.01,0.49,0.37984,1
3886.91,0.01,0.01,0.37984,0
3887.22,0.03,0.03,0.37984,1
3893,0.03,0.47,0.37984,1
3898.77,0.47,0.47,0.37984,1
3904.55,0.47,0.03,0.37984,1
3910.32,0.03,0.03,0.37984,0
3910.62,0.03,0.03,0.38484,0
3910.94,0.01,0.01,0.38484,1
3917.23,0.49,0.01,0.38484,1
3923.53,0.49,0.49,0.38484,1
3929.83,0.01,0.49,0.38484,1
3936.13,0.01,0.01,0.38484,0
3936.45,0.03,0.03,0.38484,1
3942.22,0.03,0.47,0.38484,1
3948,0.47,0.47,0.38484,1
3953.77,0.47,0.03,0.38484,1
3959.54,0.03,0.03,0.38484,0
3959.84,0.03,0.03,0.38984,0
3960.16,0.01,0.01,0.38984,1
3966.46,0.49,0.01,0.38984,1
3972.76,0.49,0.49,0.38984,1
3979.06,0.01,0.49,0.38984,1
3985.35,0.01,0.01,0.38984,0
3985.67,0.03,0.03,0.38984,1
3991.44,0.03,0.47,0.38984,1
3997.22,0.47,0.47,0.38984,1
4002.99,0.47,0.03,0.38984,1
4008.77,0.03,0.03,0.38984,0
4009.07,0.03,0.03,0.39484,0
4009.38,0.01,0.01,0.39484,1
4015.68,0.49,0.01,0.39484,1
4021.98,0.49,0.49,0.39484,1
4028.28,0.01,0.49,0.39484,1
4034.58,0.01,0.01,0.39484,0
4034.89,0.03,0.03,0.39484,1
4040.66,0.03,0.47,0.39484,1
4046.44,0.47,0.47,0.39484,1
4052.21,0.47,0.03,0.39484,1
4057.99,0.03,0.03,0.39484,0
4058.29,0.03,0.03,0.39984,0
4058.6,0.01,0.01,0.39984,1
4064.9,0.49,0.01,0.39984,1
4071.2,0.49,0.49,0.39984,1
4077.5,0.01,0.49,0.39984,1
4083.8,0.01,0.01,0.39984,0
4084.11,0.03,0.03,0.39984,1
4089.89,0.03,0.47,0.39984,1
4095.66,0.47,0.47,0.39984,1
4101.44,0.47,0.03,0.39984,1
4107.21,0.03,0.03,0.39984,0
4107.51,0.03,0.03,0.40484,0
4107.82,0.01,0.01,0.40484,1
4114.12,0.49,0.01,0.40484,1
4120.42,0.49,0.49,0.40484,1
4126.72,0.01,0.49,0.40484,1
4133.02,0.01,0.01,0.40484,0
4133.33,0.03,0.03,0.40484,1
4139.11,0.03,0.47,0.40484,1
4144.88,0.47,0.47,0.40484,1
4150.66,0.47,0.03,0.40484,1
4156.43,0.03,0.03,0.40484,0
4156.73,0.03,0.03,0.40984,0
4157.05,0.01,0.01,0.40984,1
4163.34,0.49,0.01,0.40984,1
4169.64,0.49,0.49,0.40984,1
4175.94,0.01,0.49,0.40984,1
4182.24,0.01,0.01,0.40984,0
4182.56,0.03,0.03,0.40984,1
4188.33,0.03,0.47,0.40984,1
4194.1,0.47,0.47,0.40984,1
4199.88,0.47,0.03,0.40984,1
4205.65,0.03,0.03,0.40984,0
4205.95,0.03,0.03,0.41484,0
4206.27,0.01,0.01,0.41484,1
4212.57,0.49,0.01,0.41484,1
4218.87,0.49,0.49,0.41484,1
4225.16,0.01,0.49,0.41484,1
4231.46,0.01,0.01,0.41484,0
4231.78,0.03,0.03,0.41484,1
4237.55,0.03,0.47,0.41484,1
4243.33,0.47,0.47,0.41484,1
4249.1,0.47,0.03,0.41484,1
4254.88,0.03,0.03,0.41484,0
4255.17,0.03,0.03,0.41984,0
4255.49,0.01,0.01,0.41984,1
4261.79,0.49,0.01,0.41984,1
4268.09,0.49,0.49,0.41984,1
4274.39,0.01,0.49,0.41984,1
4280.69,0.01,0.01,0.41984,0
4281,0.03,0.03,0.41984,1
4286.77,0.03,0.47,0.41984,1
4292.55,0.47,0.47,0.41984,1
4298.32,0.47,0.03,0.41984,1
4304.1,0.03,0.03,0.41984,0
4304.4,0.03,0.03,0.42484,0
4304.71,0.01,0.01,0.42484,1
4311.01,0.49,0.01,0.42484,1
4317.31,0.49,0.49,0.42484,1
4323.61,0.01,0.49,0.42484,1
4329.91,0.01,0.01,0.42484,0
4330.22,0.03,0.03,0.42484,1
4336,0.03,0.47,0.42484,1
4341.77,0.47,0.47,0.42484,1
4347.54,0.47,0.03,0.42484,1
4353.32,0.03,0.03,0.42484,0
4353.62,0.03,0.03,0.42984,0
4353.93,0.01,0.01,0.42984,1
4360.23,0.49,0.01,0.42984,1
4366.53,0.49,0.49,0.42984,1
4372.83,0.01,0.49,0.42984,1
4379.13,0.01,0.01,0.42984,0
4379.44,0.03,0.03,0.42984,1
4385.22,0.03,0.47,0.42984,1
4390.99,0.47,0.47,0.42984,1
4396.77,0.47,0.03,0.42984,1
4402.54,0.03,0.03,0.42984,0
4402.84,0.03,0.03,0.43484,0
4403.15,0.01,0.01,0.43484,1
4409.45,0.49,0.01,0.43484,1
4415.75,0.49,0.49,0.43484,1
4422.05,0.01,0.49,0.43484,1
4428.35,0.01,0.01,0.43484,0
4428.67,0.03,0.03,0.43484,1
4434.44,0.03,0.47,0.43484,1
4440.21,0.47,0.47,0.43484,1
4445.99,0.47,0.03,0.43484,1
4451.76,0.03,0.03,0.43484,0
4452.06,0.03,0.03,0.43984,0
4452.38,0.01,0.01,0.43984,1
4458.68,0.49,0.01,0.43984,1
4464.98,0.49,0.49,0.43984,1
4471.27,0.01,0.49,0.43984,1
4477.57,0.01,0.01,0.43984,0
4477.89,0.03,0.03,0.43984,1
4483.66,0.03,0.47,0.43984,1
4489.44,0.47,0.47,0.43984,1
4495.21,0.47,0.03,0.43984,1
4500.98,0.03,0.03,0.43984,0
4501.28,0.03,0.03,0.44484,0
4501.6,0.01,0.01,0.44484,1
4507.9,0.49,0.01,0.44484,1
4514.2,0.49,0.49,0.44484,1
4520.5,0.01,0.49,0.44484,1
4526.8,0.01,0.01,0.44484,0
4527.11,0.03,0.03,0.44484,1
4532.88,0.03,0.47,0.44484,1
4538.66,0.47,0.47,0.44484,1
4544.43,0.47,0.03,0.44484,1
4550.21,0.03,0.03,0.44484,0
4550.51,0.03,0.03,0.44984,0
4550.82,0.01,0.01,0.44984,1
4557.12,0.49,0.01,0.44984,1
4563.42,0.49,0.49,0.44984,1
4569.72,0.01,0.49,0.44984,1
4576.02,0.01,0.01,0.44984,0
4576.33,0.03,0.03,0.44984,1
4582.11,0.03,0.47,0.44984,1
4587.88,0.47,0.47,0.44984,1
4593.65,0.47,0.03,0.44984,1
4599.43,0.03,0.03,0.44984,0
4599.73,0.03,0.03,0.45484,0
4600.04,0.01,0.01,0.45484,1
4606.34,0.49,0.01,0.45484,1
4612.64,0.49,0.49,0.45484,1
4618.94,0.01,0.49,0.45484,1
4625.24,0.01,0.01,0.45484,0
4625.55,0.03,0.03,0.45484,1
4631.33,0.03,0.47,0.45484,1
4637.1,0.47,0.47,0.45484,1
4642.88,0.47,0.03,0.45484,1
4648.65,0.03,0.03,0.45484,0
4648.95,0.03,0.03,0.45984,0
4649.26,0.01,0.01,0.45984,1
4655.56,0.49,0.01,0.45984,1
4661.86,0.49,0.49,0.45984,1
4668.16,0.01,0.49,0.45984,1
4674.46,0.01,0.01,0.45984,0
4674.78,0.03,0.03,0.45984,1
4680.55,0.03,0.47,0.45984,1
4686.32,0.47,0.47,0.45984,1
4692.1,0.47,0.03,0.45984,1
4697.87,0.03,0.03,0.45984,0
4698.17,0.03,0.03,0.46484,0
4698.49,0.01,0.01,0.46484,1
4704.79,0.49,0.01,0.46484,1
4711.08,0.49,0.49,0.46484,1
4717.38,0.01,0.49,0.46484,1
4723.68,0.01,0.01,0.46484,0
4724,0.03,0.03,0.46484,1
4729.77,0.03,0.47,0.46484,1
4735.55,0.47,0.47,0.46484,1
4741.32,0.47,0.03,0.46484,1
4747.09,0.03,0.03,0.46484,0
4747.39,0.03,0.03,0.46984,0
4747.71,0.01,0.01,0.46984,1
4754.01,0.49,0.01,0.46984,1
4760.31,0.49,0.49,0.46984,1
4766.61,0.01,0.49,0.46984,1
4772.9,0.01,0.01,0.46984,0
4773.22,0.03,0.03,0.46984,1
4778.99,0.03,0.47,0.46984,1
4784.77,0.47,0.47,0.46984,1
4790.54,0.47,0.03,0.46984,1
4796.32,0.03,0.03,0.46984,0
4796.62,0.03,0.03,0.47484,0
4796.93,0.01,0.01,0.47484,1
4803.23,0.49,0.01,0.47484,1
4809.53,0.49,0.49,0.47484,1
4815.83,0.01,0.49,0.47484,1
4822.13,0.01,0.01,0.47484,0
4822.44,0.03,0.03,0.47484,1
4828.22,0.03,0.47,0.47484,1
4833.99,0.47,0.47,0.47484,1
4839.76,0.47,0.03,0.47484,1
4845.54,0.03,0.03,0.47484,0
4845.84,0.03,0.03,0.47984,0
4846.15,0.01,0.01,0.47984,1
4852.45,0.49,0.01,0.47984,1
4858.75,0.49,0.49,0.47984,1
4865.05,0.01,0.49,0.47984,1
4871.35,0.01,0.01,0.47984,0
4871.66,0.03,0.03,0.47984,1
4877.44,0.03,0.47,0.47984,1
4883.21,0.47,0.47,0.47984,1
4888.99,0.47,0.03,0.47984,1
4894.76,0.03,0.03,0.47984,0
4895.06,0.03,0.03,0.48484,0
4895.37,0.01,0.01,0.48484,1
4901.67,0.49,0.01,0.48484,1
4907.97,0.49,0.49,0.48484,1
4914.27,0.01,0.49,0.48484,1
4920.57,0.01,0.01,0.48484,0
4920.88,0.03,0.03,0.48484,1
4926.66,0.03,0.47,0.48484,1
4932.43,0.47,0.47,0.48484,1
4938.21,0.47,0.03,0.48484,1
4943.98,0.03,0.03,0.48484,0
4944.28,0.03,0.03,0.48984,0
4944.6,0.01,0.01,0.48984,1
4950.89,0.49,0.01,0.48984,1
4957.19,0.49,0.49,0.48984,1
4963.49,0.01,0.49,0.48984,1
4969.79,0.01,0.01,0.48984,0
4970.11,0.03,0.03,0.48984,1
4975.88,0.03,0.47,0.48984,1
4981.66,0.47,0.47,0.48984,1
4987.43,0.47,0.03,0.48984,1
4993.2,0.03,0.03,0.48984,0
4993.5,0.03,0.03,0.49484,0
4993.82,0.01,0.01,0.49484,1
5000.12,0.49,0.01,0.49484,1
5006.42,0.49,0.49,0.49484,1
5012.72,0.01,0.49,0.49484,1
5019.01,0.01,0.01,0.49484,0
5019.33,0.03,0.03,0.49484,1
5025.1,0.03,0.47,0.49484,1
5030.88,0.47,0.47,0.49484,1
5036.65,0.47,0.03,0.49484,1
5042.43,0.03,0.03,0.49484,0
5042.73,0.03,0.03,0.49984,0
5043.04,0.01,0.01,0.49984,1
5049.34,0.49,0.01,0.49984,1
5055.64,0.49,0.49,0.49984,1
5061.94,0.01,0.49,0.49984,1
5068.24,0.01,0.01,0.49984,0
5068.55,0.03,0.03,0.49984,1
5074.32,0.03,0.47,0.49984,1
5080.1,0.47,0.47,0.49984,1
5085.87,0.47,0.03,0.49984,1
5091.65,0.03,0.03,0.49984,0
5091.65,0.03,0.03,0.49984,0
5101.35,-0.02,-0.02,0.02,0
5101.75,-0.02,0,0.02,0
5107.35,-0.02,0.28,0.02,0
